train_acc,train_loss,val_acc,val_loss,val_sens
0.9458,0.16205372,0.7556043956043956,0.9325143,0.6599700048097177
0.94,0.17254932,0.7583516483516485,0.9322576,0.6649972769439212
0.9384042553191492,0.1790177,0.7611263736263736,0.9789762,0.6605852862526433
0.9385567010309277,0.18326683,0.7596978021978023,0.9525295,0.6596069522812725
0.9207954545454545,0.23445441,0.7595054945054944,0.9133133,0.6581861459063207
0.9301595744680852,0.20867315,0.7573626373626373,0.9273468,0.6638396547037126
0.943292682926829,0.16561009,0.7624175824175824,0.9206556,0.6626495095413186
0.9407142857142856,0.17075802,0.7617857142857145,0.92001754,0.6708619719908196
0.9263157894736843,0.21442597,0.7581868131868134,0.9542517,0.6523731521616482
0.9295454545454546,0.2060269,0.7559478021978021,0.95527136,0.6636589416661316
0.9454285714285715,0.17192711,0.7626373626373627,0.9289449,0.6581922060630954
0.9424705882352943,0.17326514,0.7633928571428571,0.93231386,0.6673316204121025
0.9078124999999999,0.27134466,0.7547802197802198,0.9828441,0.6499617618150803
0.9184756097560975,0.23804419,0.7576236263736263,0.94835675,0.6625685456438746
0.8967241379310344,0.32820278,0.7543131868131868,0.9518684,0.6503938099430511
0.9163291139240505,0.25627208,0.757651098901099,0.9207032,0.6544860411339161
0.933076923076923,0.202625,0.7547527472527471,0.9278234,0.6482685824853518
0.9373026315789473,0.18640342,0.7554532967032966,0.9117884,0.6601326312572604
0.9447826086956522,0.15634081,0.7609890109890111,0.91095364,0.6573291391595408
0.9437671232876714,0.16293393,0.7605357142857142,0.9238249,0.6612219757638382
