train_acc,train_loss,val_acc,val_loss,val_sens
0.8856,0.37052125,0.7735802469135802,0.90290284,0.6269
0.87785,0.38391533,0.7737037037037037,0.8783055,0.6343000000000001
0.8735999999999999,0.40001443,0.7769547325102881,0.84094846,0.6462
0.8752564102564102,0.39529642,0.774567901234568,0.7781908,0.6313000000000001
0.8759550561797752,0.39979953,0.7786419753086419,0.7725562,0.6382
0.8724820143884893,0.41339183,0.778312757201646,0.7703153,0.6336
0.8724999999999999,0.41969928,0.7838271604938272,0.7483452,0.6424000000000001
0.8735897435897436,0.4336432,0.7840123456790122,0.74255824,0.6355
0.8727343750000001,0.44836345,0.7800000000000001,0.75314856,0.6218
0.8702941176470587,0.48119742,0.7788888888888889,0.7475626,0.6272
0.8756716417910448,0.46819976,0.7800617283950617,0.752146,0.6371
0.874786324786325,0.47838143,0.7805349794238682,0.7501782,0.6329
0.8725,0.5022652,0.7723456790123457,0.74832815,0.6256
0.8761607142857143,0.4682331,0.7784567901234568,0.7418082,0.632
0.8735377358490566,0.4727599,0.7794650205761317,0.7414028,0.6368
