train_acc,train_loss,val_acc,val_loss,val_sens
0.3822999999999999,1.7131104,0.4948148148148148,1.4029948,0.3984
0.46669999999999995,1.5275838,0.5366666666666667,1.2885021,0.46159999999999995
