train_acc,train_loss,val_acc,val_loss,val_sens
0.9383,0.18906936,0.8180246913580248,0.7516449,0.6777999999999998
0.9309000000000001,0.21786389,0.813888888888889,0.7714044,0.6729999999999999
0.9299000000000001,0.220654,0.816008230452675,0.7546801,0.6872
0.927894736842105,0.20796926,0.8183950617283949,0.7187645,0.6761999999999999
0.9275568181818182,0.21532522,0.817716049382716,0.7151642,0.6731999999999999
0.9260869565217392,0.22506694,0.8163786008230453,0.71073055,0.6705000000000001
0.9242307692307692,0.22772461,0.8129629629629629,0.7027521,0.6660999999999999
0.9222368421052632,0.22937268,0.8124691358024692,0.70777607,0.6786000000000001
0.9228968253968254,0.22603998,0.8143209876543209,0.70499426,0.6759
0.9182142857142856,0.24367449,0.8116049382716051,0.7049168,0.6820999999999999
0.92828125,0.22129515,0.8141358024691359,0.68224347,0.6767000000000001
0.9256578947368421,0.22570182,0.8150205761316873,0.68342847,0.6768000000000001
0.9125000000000001,0.23161839,0.8176543209876542,0.6999006,0.6698999999999999
0.92375,0.22814274,0.8185185185185185,0.68048,0.6750999999999999
0.9255882352941176,0.2276961,0.8172016460905349,0.6804739,0.6636
0.9251644736842105,0.23248617,0.8175,0.6799024,0.6743
0.9324999999999999,0.20773444,0.8159259259259259,0.688952,0.6837
0.9314444444444443,0.2097075,0.8167283950617285,0.6815259,0.6811999999999999
0.9270714285714288,0.22216336,0.8158847736625515,0.68047655,0.6804
0.9282142857142858,0.208292,0.8218518518518517,0.6544678,0.6847
0.9268589743589742,0.21990174,0.8193209876543209,0.67278177,0.6729999999999999
0.9253515625,0.22676526,0.8172839506172841,0.67879206,0.6834
0.9328125,0.20413661,0.8207407407407408,0.6465709,0.6838
0.9306818181818182,0.21332006,0.8165432098765432,0.6646626,0.6751
0.9275862068965517,0.2190302,0.8169958847736625,0.6634704,0.6796
0.9175,0.25311154,0.8182716049382717,0.6569375,0.6818
0.929074074074074,0.20506369,0.8171604938271605,0.6553964,0.6724
0.9252403846153846,0.2193931,0.8173251028806585,0.6643781,0.6756
0.9255844155844155,0.21895812,0.817067901234568,0.667211,0.6801999999999999
0.9310714285714285,0.20950548,0.8190123456790123,0.67191803,0.6805000000000001
0.9297826086956521,0.21358623,0.8175925925925925,0.6685549,0.6801
0.9274647887323942,0.22167586,0.8180246913580248,0.6596289,0.6766
